"id","checklist_task_id","claim_id","due_date","checklist_owner_id","is_task_completed","short_notes","system_assign","created_by","created_at","updated_by","updated_at"
1,11,16225,"2023-12-07",36,Y,Waiver Approved - Pending waiver to pay RAP,N,26,"2023-12-05 12:31:39",36,"2023-12-08 12:47:56"
2,31,9157,"2023-12-07",0,Y,Review Final Report,N,26,"2023-12-05 12:38:52",36,"2023-12-06 01:25:55"
3,27,19719,"2023-12-07",0,Y,Review Unknown Document,N,26,"2023-12-05 12:43:23",26,"2023-12-05 12:49:43"
4,31,19719,"2023-12-07",193,Y,Review Final Report,N,26,"2023-12-05 12:49:38",9,"2023-12-11 02:03:57"
5,27,18493,"2023-12-07",0,Y,Review Unknown Document,N,26,"2023-12-05 01:41:04",26,"2023-12-05 01:41:07"
6,27,18493,"2023-12-07",0,Y,Review Unknown Document,N,26,"2023-12-05 01:43:35",26,"2023-12-05 01:43:38"
7,7,19727,"2023-12-07",21,Y,Contact Policy Holder,N,26,"2023-12-05 02:29:16",21,"2023-12-08 05:42:11"
8,27,19727,"2023-12-07",0,Y,Review Unknown Document,N,1,"2023-12-05 02:29:22",26,"2023-12-05 03:53:44"
9,27,18331,"2023-12-07",0,Y,Review Unknown Document,N,26,"2023-12-05 04:18:39",26,"2023-12-05 04:18:42"
10,27,18331,"2023-12-07",0,Y,Review Unknown Document,N,26,"2023-12-05 04:25:13",26,"2023-12-05 04:25:28"
11,27,18331,"2023-12-07",0,Y,Review Unknown Document,N,26,"2023-12-05 04:25:25",26,"2023-12-05 04:25:31"
12,27,9157,"2023-12-07",0,Y,Review Unknown Document,N,26,"2023-12-05 05:01:27",26,"2023-12-06 09:05:10"
13,27,8223,"2023-12-07",0,Y,Review Unknown Document,N,26,"2023-12-05 05:07:45",26,"2023-12-05 05:07:48"
14,27,8223,"2023-12-07",0,Y,Review Unknown Document,N,26,"2023-12-05 05:08:59",26,"2023-12-05 05:09:02"
15,7,19734,"2023-12-08",21,Y,Contact Policy Holder,N,26,"2023-12-06 09:02:45",21,"2023-12-08 04:17:26"
16,27,19734,"2023-12-08",0,Y,Review Unknown Document,N,1,"2023-12-06 09:02:51",26,"2023-12-06 09:05:00"
17,7,19735,"2023-12-08",22,Y,Contact Policy Holder,N,26,"2023-12-06 09:03:18",22,"2023-12-07 02:32:59"
18,27,19734,"2023-12-08",0,Y,Review Unknown Document,N,1,"2023-12-06 09:03:25",26,"2023-12-06 09:04:53"
19,27,19734,"2023-12-08",0,Y,Review Unknown Document,N,26,"2023-12-06 09:52:48",26,"2023-12-06 09:52:51"
20,27,19735,"2023-12-08",0,Y,Review Unknown Document,N,26,"2023-12-06 09:57:20",26,"2023-12-06 09:57:24"
21,11,6494,"2024-02-02",10,Y,Pending response from IA on Contents RAP.,N,36,"2023-12-06 12:57:21",10,"2024-02-08 03:45:17"
22,11,19604,"2023-12-08",36,Y,Pending Engineer Report,N,36,"2023-12-06 12:58:03",36,"2023-12-08 02:46:38"
23,12,17805,"2024-02-20",36,Y,"",N,36,"2023-12-06 12:59:27",36,"2024-02-20 12:19:57"
24,9,19675,"2024-12-27",36,N,"",N,36,"2023-12-06 01:00:21",36,"2024-07-02 10:01:20"
25,21,19604,"2023-12-08",36,Y,"",N,26,"2023-12-06 01:02:17",36,"2023-12-08 03:55:48"
26,27,19604,"2023-12-08",34,Y,Review Unknown Document,N,26,"2023-12-06 01:02:36",26,"2023-12-06 01:02:40"
27,32,16225,"2023-12-08",193,Y,Review Proof Of Loss,N,36,"2023-12-06 01:07:14",36,"2023-12-06 01:08:50"
28,11,16225,"2023-12-06",26,Y,Check Waiver Status,N,36,"2023-12-06 01:09:05",26,"2023-12-07 09:07:00"
29,11,19719,"2024-01-29",9,Y,Pending SPOL/Waiver Sent Failure to Pursue Letter TC9906369735202320230820,N,36,"2023-12-06 01:46:29",9,"2024-01-29 01:58:08"
30,11,18243,"2024-01-04",9,Y,UW Follow up,N,159,"2023-12-07 06:59:26",9,"2024-01-02 12:30:44"
31,30,18243,"2024-02-08",9,Y,Pending cancel rewrite to restore coverage back to inception,N,159,"2023-12-07 07:02:06",17,"2023-12-26 09:46:52"
32,11,14389,"2024-01-12",34,Y,Pending RAP,N,34,"2023-12-07 08:59:22",9,"2024-01-12 03:18:46"
33,27,16225,"2023-12-09",193,Y,Review Unknown Document,N,26,"2023-12-07 09:06:55",26,"2023-12-07 09:06:58"
34,31,8109,"2023-12-09",21,Y,Review Final Report,N,1,"2023-12-07 09:12:51",21,"2023-12-12 08:41:02"
35,27,18034,"2023-12-09",792985,Y,Review Unknown Document,N,26,"2023-12-07 10:51:43",26,"2023-12-07 10:51:46"
36,27,18034,"2023-12-09",792985,Y,Review Unknown Document,N,26,"2023-12-07 10:52:35",26,"2023-12-07 10:52:37"
37,11,8109,"2024-01-17",21,Y,Review SPOL & FEMA Waiver-TC8704294017202220220928,N,36,"2023-12-07 11:21:49",9,"2024-01-26 10:07:47"
38,12,18536,"2023-10-31",87,Y,"",N,36,"2023-12-07 11:38:08",36,"2023-12-07 11:39:17"
39,11,18388,"2024-01-09",87,Y,Pending Final-TC8718610274202220230820,N,36,"2023-12-07 11:53:27",9,"2024-01-10 12:07:42"
40,11,18373,"2023-12-06",193,Y,Please See Request for CAP Denial Dated 11.28.2023 - thanks-TC8718603706202220221104,N,36,"2023-12-07 11:54:59",36,"2024-01-02 04:35:48"
41,11,18443,"2023-12-18",193,Y,Pending Final-TC8718640315202220231027,N,36,"2023-12-07 11:55:50",9,"2023-12-20 03:31:06"
42,11,18243,"2024-01-04",21,Y,Pending SPOL-TC8707384272202320230929,N,36,"2023-12-07 11:57:14",9,"2024-01-05 03:37:31"
43,11,18569,"2024-01-19",21,Y,Review SPOL & FEMA Waiver-TC8718767252202220230710,N,36,"2023-12-07 12:00:25",9,"2024-01-22 02:36:38"
44,11,18217,"2024-01-16",9,Y,Pending Waiver - TC8707377199202220230828,N,36,"2023-12-07 12:01:25",9,"2024-01-18 03:26:11"
45,11,18415,"2024-01-16",9,Y,Pending Waiver-TC8718636208202320230830,N,36,"2023-12-07 12:02:21",9,"2024-01-18 03:32:39"
46,11,18451,"2023-12-13",21,Y,"""Pending Final Report-TC8718642967202220231026",N,36,"2023-12-07 12:03:56",9,"2023-12-11 02:21:37"
47,11,9157,"2023-12-06",87,Y,"""Pending Prelim-TC8704486881202320231123",N,36,"2023-12-07 12:05:02",36,"2023-12-07 12:09:02"
48,31,9157,"2023-12-09",87,Y,Review Final Report,N,36,"2023-12-07 12:08:26",36,"2023-12-07 12:09:00"
49,11,18477,"2023-12-26",9,Y,Pending Waiver-TC8718658444202220230830,N,36,"2023-12-07 12:10:45",9,"2023-12-27 10:19:15"
50,11,12433,"2024-09-23",21,Y,Pending SPOL  *****Pending ICC Invoice Docs******-TC8705338243202120210521,N,36,"2023-12-07 12:11:30",21,"2024-09-26 11:37:21"
51,31,18143,"2023-12-07",21,Y,Review RAP - Final -TC8706361035202320230830,N,36,"2023-12-07 12:12:27",21,"2023-12-12 08:39:54"
52,19,18143,"2024-07-19",21,Y,PA - Golden Years Public Adjusters - LOR Meets FEMA Guidelines,N,36,"2023-12-07 12:14:03",9,"2024-07-23 05:09:17"
53,31,18143,"2023-12-09",792946,Y,Review Final Report,N,36,"2023-12-07 12:15:36",36,"2023-12-07 12:15:47"
54,11,6575,"2023-12-13",21,Y,"""Pending Final Report-TC8704022896202320231028",N,36,"2023-12-07 12:18:09",9,"2023-12-11 02:48:13"
55,11,6790,"2024-01-09",21,Y,Waiver Approved -TC8704056756202220230311,N,36,"2023-12-07 12:31:00",21,"2024-01-09 04:55:49"
56,11,5458,"2024-01-09",87,Y,FOLLOW UP - DAMAGED PHOTOS-TC8702768466202120210830,N,36,"2023-12-07 12:33:12",9,"2024-01-12 09:55:43"
57,11,18498,"2024-04-01",9,Y,RAP Denial Pending FEMA Appeal completion-TC8718678826202220230830,N,36,"2023-12-07 12:34:02",9,"2024-04-02 12:44:59"
58,11,18345,"2024-10-16",9,N,Pending ICC docs-TC8718583526202220221227,N,36,"2023-12-07 12:35:16",9,"2024-09-16 01:34:32"
59,11,10654,"2024-10-26",21,N,Pending ICC docs-TC8704844550202120211115,N,36,"2023-12-07 12:36:55",9,"2024-10-08 08:25:43"
60,11,11456,"2024-01-24",87,Y,Pending Engineer Report-TC8705072030202220230515 - inspection set for 1-18-2024,N,36,"2023-12-07 12:37:57",87,"2024-01-22 05:21:41"
61,29,11456,"2024-01-08",9,Y,Pending- The policy cannot be reformed in Trident due to Defect AX10845. The policy will be reformed in Odyssey when Farmers transfers in 3 weeks.,N,36,"2023-12-07 12:39:46",17,"2023-12-08 09:23:33"
62,19,18243,"2024-09-21",21,Y,PA Michael Roth - LOR Meets,N,36,"2023-12-07 12:42:09",9,"2024-01-02 12:30:42"
63,19,18493,"2024-12-31",21,N,"PA - ADR Florida, Inc. - LOR Meets FEMA Guidelines-TC8718673951202220230830",N,36,"2023-12-07 12:43:14",9,"2024-08-01 03:04:17"
64,27,19735,"2023-12-09",22,Y,Review Unknown Document,N,22,"2023-12-07 02:32:55",22,"2023-12-07 02:32:59"
65,11,19735,"2024-01-26",22,Y,Pending SPOL,N,22,"2023-12-07 02:33:24",22,"2024-01-23 09:51:54"
66,27,18034,"2023-12-09",792985,Y,Review Unknown Document,N,26,"2023-12-07 05:20:06",26,"2023-12-07 05:20:10"
67,27,18493,"2023-12-09",21,Y,Review Unknown Document,N,26,"2023-12-07 05:21:40",26,"2023-12-07 05:21:43"
68,27,18331,"2023-12-09",792968,Y,Review Unknown Document,N,26,"2023-12-07 05:24:29",26,"2023-12-07 05:24:36"
69,11,19727,"2023-12-28",21,Y,Pending Final,N,21,"2023-12-08 05:42:50",9,"2024-01-05 04:18:54"
70,11,11456,"2023-12-08",87,Y,Reformed to crawlspace. Addl $26 needed. Reduced cov to 120K from 156K.,N,17,"2023-12-08 09:25:14",9,"2023-12-11 01:08:36"
71,31,18415,"2023-12-10",87,Y,Review Final Report,N,9,"2023-12-08 09:51:42",9,"2023-12-08 09:51:52"
72,27,19735,"2023-12-10",22,Y,Review Unknown Document,N,9,"2023-12-08 11:34:32",9,"2023-12-08 11:34:38"
73,11,19735,"2023-12-12",9,Y,Pending API confirmation from IA. Sent manual FNOL to Pilot. JIRA Ticket ODS-734,N,9,"2023-12-08 11:35:11",9,"2023-12-12 05:09:50"
74,11,19738,"2024-10-14",87,N,ICC-TC9905354500202120211115,N,9,"2023-12-08 11:38:25",9,"2024-09-12 02:03:54"
75,11,19604,"2024-01-02",36,Y,Waiver Approved,N,36,"2023-12-08 03:56:15",36,"2024-01-02 04:19:34"
76,11,19735,"2023-12-27",21,Y,Pending Final,N,21,"2023-12-08 04:17:54",26,"2023-12-13 10:04:20"
77,11,16001,"2024-10-10",22,Y,Pending ICC WAIVER,N,9,"2023-12-11 09:03:12",22,"2024-10-10 02:27:30"
78,11,15497,"2024-11-12",193,N,Pending ICC Docs-ClaimsX-87058199832018-5-31-19,N,9,"2023-12-11 09:03:19",9,"2024-10-13 01:51:11"
79,11,13029,"2024-10-17",21,N,Pending ICC Docs-ClaimsX-87059051682017-8-28-17,N,9,"2023-12-11 09:03:26",9,"2024-09-17 11:53:18"
80,27,18373,"2023-12-13",193,Y,Review Unknown Document,N,9,"2023-12-11 12:54:42",9,"2023-12-11 12:54:44"
81,31,18451,"2023-12-13",21,Y,Review Final Report,N,9,"2023-12-11 12:59:38",9,"2023-12-11 02:21:35"
82,31,6575,"2023-12-13",21,Y,Review Final Report,N,9,"2023-12-11 01:03:01",9,"2023-12-11 02:48:14"
83,27,6790,"2023-12-13",21,Y,Review Unknown Document,N,9,"2023-12-11 01:05:32",9,"2023-12-11 01:05:37"
84,32,18451,"2023-12-11",9,Y,"",N,9,"2023-12-11 02:16:46",9,"2023-12-11 02:16:49"
85,15,18451,"2024-11-10",9,N,Texas Tax Due $125.40 TC8718642967202220231026,N,9,"2023-12-11 02:24:26",9,"2024-06-04 02:49:09"
86,32,6575,"2023-12-11",9,Y,"",N,9,"2023-12-11 02:48:34",9,"2023-12-11 02:48:36"
87,15,6575,"2024-11-10",9,N,Texas Tax Due $395.94 TC8704022896202320231028,N,9,"2023-12-11 02:49:14",9,"2024-06-04 02:49:54"
88,7,19739,"2023-12-11",9,Y,Contact Policy Holder,N,26,"2023-12-11 02:49:27",26,"2023-12-12 04:07:11"
89,27,19739,"2023-12-13",21,Y,Review Unknown Document,N,1,"2023-12-11 02:49:35",26,"2023-12-11 02:49:59"
90,11,16934,"2024-10-23",10,N,Needs recovery corrected - TC8706071761202220220928,N,36,"2023-12-11 06:05:21",10,"2024-10-08 02:43:38"
91,26,18143,"2024-01-29",9,Y,Pending Waiver TC8706361035202320230830,N,21,"2023-12-12 08:40:30",9,"2024-01-29 02:11:50"
92,11,8109,"2023-12-12",21,Y,Manager Review Complete,N,21,"2023-12-12 08:58:15",21,"2023-12-12 05:37:42"
93,27,16721,"2023-12-14",792958,Y,Review Unknown Document,N,26,"2023-12-12 09:39:41",26,"2023-12-12 09:39:44"
94,24,19735,"2023-12-14",22,Y,Review Preliminary Report,N,26,"2023-12-12 12:15:20",9,"2023-12-12 05:09:36"
95,20,19735,"2023-12-14",22,Y,Review Advanced Payment Request,N,26,"2023-12-12 12:15:31",9,"2023-12-12 05:09:38"
96,11,18443,"2023-12-19",193,Y,Pending Final-TC8718640315202220231027,N,9,"2023-12-12 01:12:40",9,"2023-12-20 04:31:08"
97,31,18477,"2023-12-14",87,Y,Review Final Report,N,9,"2023-12-12 01:14:22",9,"2023-12-20 04:52:30"
98,11,19739,"2024-02-01",21,Y,Pending Prelim,N,26,"2023-12-12 04:07:26",21,"2024-02-01 08:09:33"
99,27,19739,"2023-12-14",21,Y,Review Unknown Document,N,26,"2023-12-12 04:08:37",26,"2023-12-12 04:09:06"
100,20,19735,"2023-12-14",22,Y,Advance Payment,N,9,"2023-12-12 05:07:09",9,"2023-12-12 05:09:39"
101,27,16721,"2023-12-15",193,Y,Review Unknown Document,N,26,"2023-12-13 11:03:16",26,"2023-12-13 11:03:19"
102,27,19331,"2023-12-15",792962,Y,Review Unknown Document,N,26,"2023-12-13 11:13:12",26,"2023-12-13 11:13:15"
103,27,19331,"2023-12-15",792962,Y,Review Unknown Document,N,26,"2023-12-13 11:13:30",26,"2023-12-13 11:13:33"
104,19,19331,"2024-12-31",193,N,"FEMA compliant LOR from Superior Contractors, Inc. - Don Krause",N,26,"2023-12-13 11:14:22",9,"2024-01-27 01:49:17"
105,27,19739,"2023-12-15",21,Y,Review Unknown Document,N,9,"2023-12-13 11:58:11",9,"2023-12-13 11:58:14"
106,27,19719,"2023-12-15",193,Y,Review Unknown Document,N,9,"2023-12-13 12:03:06",9,"2023-12-13 12:03:08"
107,31,11037,"2023-12-15",87,Y,Review Final Report,N,10,"2023-12-13 04:38:09",87,"2023-12-14 12:04:24"
108,7,19740,"2023-12-15",22,Y,Contact Policy Holder,N,26,"2023-12-13 04:46:58",26,"2023-12-13 04:51:19"
109,27,19740,"2023-12-15",22,Y,Review Unknown Document,N,1,"2023-12-13 04:47:07",26,"2023-12-13 04:51:16"
110,26,19740,"2024-02-20",9,Y,Pending Waiver,N,26,"2023-12-13 04:51:33",9,"2024-02-20 03:58:15"
111,27,19740,"2023-12-15",22,Y,Review Unknown Document,N,26,"2023-12-13 05:06:24",26,"2023-12-13 05:06:27"
112,27,19740,"2023-12-15",22,Y,Review Unknown Document,N,26,"2023-12-13 05:06:44",26,"2023-12-13 05:06:50"
113,31,19719,"2023-12-16",193,Y,Review Final Report,N,10,"2023-12-14 09:06:38",9,"2023-12-14 10:55:45"
114,11,11037,"2023-12-14",87,Y,Waiver Approved,N,87,"2023-12-14 12:04:47",10,"2023-12-14 04:50:44"
115,27,11037,"2023-12-16",87,Y,Review Unknown Document,N,26,"2023-12-14 01:35:26",26,"2023-12-14 01:35:29"
116,7,19741,"2023-12-16",21,Y,Contact Policy Holder,N,26,"2023-12-14 05:20:15",26,"2023-12-14 05:21:34"
117,27,19741,"2023-12-16",21,Y,Review Unknown Document,N,1,"2023-12-14 05:20:25",26,"2023-12-14 05:21:04"
118,8,19741,"2023-12-28",21,Y,Pending Prelim,N,26,"2023-12-14 05:21:47",9,"2024-01-05 04:19:32"
119,27,19741,"2023-12-16",21,Y,Review Unknown Document,N,26,"2023-12-14 05:24:28",26,"2023-12-14 05:24:32"
120,7,19742,"2023-12-17",22,Y,Contact Policy Holder,N,180,"2023-12-15 10:16:33",26,"2023-12-18 10:19:57"
121,27,19742,"2023-12-17",22,Y,Review Unknown Document,N,1,"2023-12-15 10:16:38",26,"2023-12-18 10:13:16"
122,27,9630,"2023-12-17",193,Y,Review Unknown Document,N,26,"2023-12-15 12:36:48",26,"2023-12-15 12:37:08"
123,27,9630,"2023-12-17",193,Y,Review Unknown Document,N,26,"2023-12-15 12:37:05",26,"2023-12-15 12:37:09"
124,28,19742,"2024-02-15",22,Y,Pending Photos attached to Final and Revised Final Report,N,26,"2023-12-18 10:20:16",22,"2024-02-15 11:28:46"
125,27,19742,"2023-12-20",22,Y,Review Unknown Document,N,26,"2023-12-18 10:22:46",26,"2023-12-18 10:22:49"
126,7,19747,"2023-12-20",21,Y,Contact Policy Holder,N,26,"2023-12-18 12:13:02",26,"2023-12-18 12:15:23"
127,27,19747,"2023-12-20",21,Y,Review Unknown Document,N,1,"2023-12-18 12:13:10",26,"2023-12-18 12:13:51"
128,8,19747,"2023-12-29",21,Y,Pending Prelim,N,26,"2023-12-18 12:15:36",9,"2024-01-05 04:19:45"
129,27,19747,"2023-12-20",21,Y,Review Unknown Document,N,26,"2023-12-18 12:18:16",26,"2023-12-18 12:18:20"
130,7,19748,"2023-12-20",22,Y,Contact Policy Holder,N,26,"2023-12-18 01:08:54",9,"2023-12-19 05:09:24"
131,27,19748,"2023-12-20",22,Y,Review Unknown Document,N,1,"2023-12-18 01:09:04",9,"2023-12-19 05:09:25"
132,31,18415,"2023-12-20",87,Y,Review Final Report,N,9,"2023-12-18 01:26:02",9,"2024-01-04 12:10:06"
133,7,19749,"2023-12-21",21,Y,Contact Policy Holder,N,26,"2023-12-19 08:59:56",26,"2023-12-19 09:03:46"
134,27,19749,"2023-12-21",21,Y,Review Unknown Document,N,1,"2023-12-19 09:00:02",26,"2023-12-19 09:03:47"
135,8,19749,"2024-01-18",21,Y,Pending Final,N,26,"2023-12-19 09:04:02",22,"2024-01-25 02:00:23"
136,7,19750,"2023-12-21",22,Y,Contact Policy Holder,N,26,"2023-12-19 09:10:28",26,"2023-12-19 09:12:33"
137,27,19750,"2023-12-21",22,Y,Review Unknown Document,N,1,"2023-12-19 09:10:35",26,"2023-12-19 09:12:32"
138,8,19750,"2024-01-02",22,Y,Pending Prelim,N,26,"2023-12-19 09:12:45",9,"2024-01-05 04:12:32"
139,27,19750,"2023-12-21",22,Y,Review Unknown Document,N,26,"2023-12-19 09:14:13",26,"2023-12-19 09:14:17"
140,27,19749,"2023-12-21",21,Y,Review Unknown Document,N,26,"2023-12-19 09:14:43",26,"2023-12-19 09:14:46"
141,7,19751,"2023-12-21",21,Y,Contact Policy Holder,N,26,"2023-12-19 09:48:53",9,"2023-12-19 05:09:57"
142,27,19751,"2023-12-21",21,Y,Review Unknown Document,N,1,"2023-12-19 09:48:58",9,"2023-12-19 05:09:58"
143,7,19752,"2023-12-21",22,Y,Contact Policy Holder,N,26,"2023-12-19 09:50:11",22,"2023-12-20 11:02:36"
144,27,19752,"2023-12-21",22,Y,Review Unknown Document,N,1,"2023-12-19 09:50:17",22,"2023-12-20 10:56:36"
145,7,19753,"2023-12-21",21,Y,Contact Policy Holder,N,26,"2023-12-19 09:51:10",26,"2023-12-19 09:58:05"
146,27,19753,"2023-12-21",21,Y,Review Unknown Document,N,1,"2023-12-19 09:51:17",26,"2023-12-19 09:58:04"
147,27,19753,"2023-12-21",792946,Y,Review Unknown Document,N,1,"2023-12-19 09:56:32",26,"2023-12-19 09:57:21"
148,27,18116,"2023-12-21",792946,Y,Review Unknown Document,N,1,"2023-12-19 09:56:58",36,"2024-01-05 12:11:09"
149,8,19753,"2024-01-02",21,Y,Pending Prelim,N,26,"2023-12-19 09:58:20",36,"2024-01-05 12:07:17"
150,27,19753,"2023-12-21",21,Y,Review Unknown Document,N,26,"2023-12-19 10:02:30",26,"2023-12-19 10:02:33"
151,7,19754,"2023-12-21",22,Y,Contact Policy Holder,N,26,"2023-12-19 10:22:56",26,"2023-12-19 10:24:27"
152,27,19754,"2023-12-21",22,Y,Review Unknown Document,N,1,"2023-12-19 10:23:02",26,"2023-12-19 10:23:32"
153,8,19754,"2024-01-02",22,Y,Pending Prelim,N,26,"2023-12-19 10:24:40",9,"2024-01-05 04:12:37"
154,27,19754,"2023-12-21",22,Y,Review Unknown Document,N,26,"2023-12-19 10:27:43",26,"2023-12-19 10:27:45"
155,7,19755,"2023-12-21",21,Y,Contact Policy Holder,N,26,"2023-12-19 11:26:09",26,"2023-12-19 12:28:43"
156,27,19755,"2023-12-21",21,Y,Review Unknown Document,N,1,"2023-12-19 11:26:16",26,"2023-12-19 11:26:52"
157,7,19756,"2023-12-21",22,Y,Contact Policy Holder,N,26,"2023-12-19 12:26:12",26,"2023-12-19 12:32:51"
158,27,19756,"2023-12-21",22,Y,Review Unknown Document,N,1,"2023-12-19 12:26:18",26,"2023-12-19 12:32:48"
159,7,19757,"2023-12-21",21,Y,Contact Policy Holder,N,26,"2023-12-19 12:26:23",26,"2023-12-19 12:33:40"
160,27,19757,"2023-12-21",21,Y,Review Unknown Document,N,1,"2023-12-19 12:26:30",26,"2023-12-19 12:33:36"
161,11,19755,"2024-02-21",9,Y,Pending SPOL/Waiver,N,26,"2023-12-19 12:28:54",9,"2024-02-20 04:12:46"
162,27,19755,"2023-12-21",21,Y,Review Unknown Document,N,26,"2023-12-19 12:30:33",26,"2023-12-19 12:30:36"
163,27,19756,"2023-12-21",22,Y,Review Unknown Document,N,26,"2023-12-19 12:32:44",26,"2023-12-19 12:32:47"
164,26,19756,"2024-03-04",9,Y,Pending Waiver,N,26,"2023-12-19 12:33:02",9,"2024-03-04 03:42:33"
165,28,19757,"2024-02-15",22,Y,Pending Verification from IA Firm,N,26,"2023-12-19 12:33:52",22,"2024-02-15 10:26:52"
166,27,19757,"2023-12-21",22,Y,Review Unknown Document,N,26,"2023-12-19 12:39:42",26,"2023-12-19 12:39:44"
167,7,19758,"2023-12-21",21,Y,Contact Policy Holder,N,26,"2023-12-19 12:40:28",26,"2023-12-19 12:45:01"
168,27,19758,"2023-12-21",21,Y,Review Unknown Document,N,1,"2023-12-19 12:40:34",26,"2023-12-19 12:44:59"
169,8,19758,"2024-01-10",21,Y,Pending Prelim,N,26,"2023-12-19 12:45:19",9,"2024-01-11 11:27:21"
170,27,19758,"2023-12-21",21,Y,Review Unknown Document,N,26,"2023-12-19 12:46:32",26,"2023-12-19 12:46:35"
171,7,19759,"2023-12-21",22,Y,Contact Policy Holder,N,26,"2023-12-19 01:03:18",26,"2023-12-19 01:04:51"
172,27,19759,"2023-12-21",22,Y,Review Unknown Document,N,1,"2023-12-19 01:03:24",26,"2023-12-19 01:04:50"
173,28,19759,"2024-03-22",22,Y,Pending Waiver,N,26,"2023-12-19 01:05:01",22,"2024-03-22 01:09:20"
174,27,19748,"2023-12-21",22,Y,Review Unknown Document,N,9,"2023-12-19 05:09:20",9,"2023-12-19 05:09:23"
175,11,19748,"2024-01-05",22,Y,Pending Prelim,N,9,"2023-12-19 05:09:36",36,"2024-01-03 09:44:20"
176,11,19751,"2024-02-02",21,Y,Pending Final,N,9,"2023-12-19 05:10:43",21,"2024-02-01 08:43:04"
177,31,18498,"2023-12-22",193,Y,Review Final Report,N,9,"2023-12-20 08:48:52",9,"2023-12-20 08:50:51"
178,27,18498,"2023-12-22",193,Y,Review Unknown Document,N,9,"2023-12-20 08:50:32",9,"2023-12-20 08:50:52"
179,27,13029,"2023-12-22",34,Y,Review Unknown Document,N,9,"2023-12-20 09:01:45",9,"2023-12-20 09:02:13"
180,27,13029,"2023-12-22",34,Y,Review Unknown Document,N,9,"2023-12-20 09:02:28",9,"2023-12-20 09:02:31"
181,27,16001,"2023-12-22",22,Y,Review Unknown Document,N,9,"2023-12-20 09:04:49",9,"2023-12-20 09:05:05"
182,7,19760,"2023-12-22",21,Y,Contact Policy Holder,N,26,"2023-12-20 09:04:54",26,"2023-12-20 09:08:55"
183,27,19760,"2023-12-22",21,Y,Review Unknown Document,N,1,"2023-12-20 09:05:02",26,"2023-12-20 09:08:54"
184,27,16001,"2023-12-22",22,Y,Review Unknown Document,N,9,"2023-12-20 09:05:03",9,"2023-12-20 09:05:07"
185,27,15497,"2023-12-22",193,Y,Review Unknown Document,N,9,"2023-12-20 09:06:34",9,"2023-12-20 09:07:52"
186,27,15497,"2023-12-22",193,Y,Review Unknown Document,N,9,"2023-12-20 09:06:49",9,"2023-12-20 09:07:54"
187,27,15497,"2023-12-22",193,Y,Review Unknown Document,N,9,"2023-12-20 09:07:02",9,"2023-12-20 09:07:55"
188,27,19759,"2023-12-22",22,Y,Review Unknown Document,N,26,"2023-12-20 09:08:23",26,"2023-12-20 09:08:26"
189,11,19760,"2024-01-09",21,Y,Pending Final Report - See Claim # 19760 & F2166020230773,N,26,"2023-12-20 09:09:12",21,"2024-01-08 01:13:58"
190,27,13029,"2023-12-22",34,Y,Review Unknown Document,N,9,"2023-12-20 09:09:28",9,"2023-12-20 09:10:06"
191,27,13029,"2023-12-22",34,Y,Review Unknown Document,N,9,"2023-12-20 09:09:43",9,"2023-12-20 09:10:07"
192,27,19760,"2023-12-22",21,Y,Review Unknown Document,N,26,"2023-12-20 09:10:56",26,"2023-12-20 09:10:59"
193,7,19761,"2023-12-22",22,Y,Contact Policy Holder,N,26,"2023-12-20 09:28:42",26,"2023-12-20 09:29:23"
194,27,19761,"2023-12-22",22,Y,Review Unknown Document,N,1,"2023-12-20 09:28:48",26,"2023-12-20 09:29:12"
195,8,19761,"2024-01-04",22,Y,Pending Prelim,N,26,"2023-12-20 09:29:37",9,"2024-01-05 04:22:40"
196,27,19761,"2023-12-22",22,Y,Review Unknown Document,N,26,"2023-12-20 09:32:17",26,"2023-12-20 09:32:20"
197,7,19762,"2023-12-22",21,Y,Contact Policy Holder,N,26,"2023-12-20 10:10:53",26,"2023-12-20 10:11:28"
198,27,19762,"2023-12-22",21,Y,Review Unknown Document,N,1,"2023-12-20 10:11:01",26,"2023-12-20 10:11:46"
199,8,19762,"2024-01-11",21,Y,Pending Prelim,N,26,"2023-12-20 10:11:56",9,"2024-01-12 02:44:38"
200,11,19752,"2024-01-05",9,Y,Pending Prelim Report-Manual Claim,N,22,"2023-12-20 11:02:59",36,"2024-01-03 09:36:29"
201,7,19764,"2023-12-22",22,Y,Contact Policy Holder,N,26,"2023-12-20 11:39:31",26,"2023-12-20 11:41:10"
202,27,19764,"2023-12-22",22,Y,Review Unknown Document,N,1,"2023-12-20 11:39:38",26,"2023-12-20 11:41:13"
203,11,19764,"2024-03-18",22,Y,Pending Final,N,26,"2023-12-20 11:41:25",9,"2024-03-18 03:57:23"
204,27,19764,"2023-12-22",22,Y,Review Unknown Document,N,26,"2023-12-20 11:42:25",26,"2023-12-20 11:42:28"
205,7,19765,"2023-12-22",21,Y,Contact Policy Holder,N,26,"2023-12-20 11:42:59",26,"2023-12-20 11:44:44"
206,27,19765,"2023-12-22",21,Y,Review Unknown Document,N,1,"2023-12-20 11:43:07",26,"2023-12-20 11:44:43"
207,8,19765,"2024-01-04",21,Y,Pending Prelim,N,26,"2023-12-20 11:44:57",9,"2024-01-05 04:23:04"
208,27,19765,"2023-12-22",21,Y,Review Unknown Document,N,26,"2023-12-20 11:45:33",26,"2023-12-20 11:45:35"
209,7,19766,"2023-12-22",22,Y,Contact Policy Holder,N,26,"2023-12-20 11:45:57",26,"2023-12-20 11:47:33"
210,27,19766,"2023-12-22",22,Y,Review Unknown Document,N,1,"2023-12-20 11:46:04",26,"2023-12-20 11:47:35"
211,8,19766,"2024-01-05",22,Y,Pending Prelim,N,26,"2023-12-20 11:47:49",9,"2024-01-05 04:23:34"
212,7,19767,"2023-12-22",21,Y,Contact Policy Holder,N,26,"2023-12-20 12:45:24",26,"2023-12-20 12:46:59"
213,27,19767,"2023-12-22",21,Y,Review Unknown Document,N,1,"2023-12-20 12:45:31",26,"2023-12-20 12:47:00"
214,11,19767,"2024-01-22",21,Y,Pending Final,N,26,"2023-12-20 12:47:13",36,"2024-01-23 11:50:16"
215,27,19767,"2023-12-22",21,Y,Review Unknown Document,N,26,"2023-12-20 12:48:48",26,"2023-12-20 12:48:51"
216,7,19768,"2023-12-22",22,Y,Contact Policy Holder,N,26,"2023-12-20 01:03:29",22,"2023-12-20 02:04:52"
217,27,19768,"2023-12-22",22,Y,Review Unknown Document,N,1,"2023-12-20 01:03:34",22,"2023-12-20 02:04:52"
218,27,13009,"2023-12-22",792950,Y,Review Unknown Document,N,9,"2023-12-20 01:28:31",9,"2023-12-20 01:32:05"
219,27,13009,"2023-12-22",792950,Y,Review Unknown Document,N,9,"2023-12-20 01:28:47",9,"2023-12-20 01:32:06"
220,27,13009,"2023-12-22",792950,Y,Review Unknown Document,N,9,"2023-12-20 01:32:00",9,"2023-12-20 01:32:07"
221,27,18493,"2023-12-22",21,Y,Review Unknown Document,N,9,"2023-12-20 01:44:54",9,"2023-12-20 01:53:00"
222,11,18493,"2024-04-03",21,Y,Pending Possible RAP TC8718673951202220230830,N,9,"2023-12-20 01:53:31",9,"2024-04-05 10:16:28"
223,27,19331,"2023-12-22",792962,Y,Review Unknown Document,N,9,"2023-12-20 01:59:00",36,"2024-01-05 11:57:36"
224,27,19768,"2023-12-22",22,Y,Review Unknown Document,N,22,"2023-12-20 02:05:46",22,"2023-12-20 02:05:50"
225,11,19768,"2024-01-03",22,Y,Pending Prelim Report,N,22,"2023-12-20 02:06:05",9,"2024-01-05 04:20:08"
226,31,18443,"2023-12-22",193,Y,Review Final Report,N,9,"2023-12-20 04:22:32",9,"2023-12-20 04:22:45"
227,32,18443,"2023-12-20",193,Y,"",N,9,"2023-12-20 04:22:42",9,"2023-12-20 04:22:44"
228,27,19727,"2023-12-22",21,Y,Review Unknown Document,N,9,"2023-12-20 04:34:39",9,"2023-12-20 04:34:42"
229,31,18477,"2023-12-22",87,Y,Review Final Report,N,9,"2023-12-20 04:52:16",9,"2023-12-20 04:52:31"
230,32,18477,"2023-12-20",87,Y,"",N,9,"2023-12-20 04:52:26",9,"2023-12-20 04:52:29"
231,11,18477,"2023-12-20",26,Y,Send Waiver to PIVOT,N,9,"2023-12-20 04:52:46",9,"2023-12-21 03:00:30"
232,27,19739,"2023-12-22",21,Y,Review Unknown Document,N,9,"2023-12-20 04:57:01",9,"2023-12-20 04:57:03"
233,27,8109,"2023-12-22",21,Y,Review Unknown Document,N,9,"2023-12-20 05:04:19",9,"2023-12-20 05:04:35"
234,27,8109,"2023-12-22",21,Y,Review Unknown Document,N,9,"2023-12-20 05:04:32",9,"2023-12-20 05:04:36"
235,11,19734,"2023-12-27",21,Y,Pending Prelim,N,9,"2023-12-20 05:41:00",9,"2023-12-21 12:58:06"
236,27,19734,"2023-12-22",21,Y,Review Unknown Document,N,9,"2023-12-20 05:42:23",9,"2023-12-20 05:42:25"
237,7,19769,"2023-12-23",21,Y,Contact Policy Holder,N,26,"2023-12-21 08:42:13",9,"2023-12-21 03:20:44"
238,27,19769,"2023-12-23",21,Y,Review Unknown Document,N,1,"2023-12-21 08:42:20",9,"2023-12-21 03:20:45"
239,7,19770,"2023-12-23",22,Y,Contact Policy Holder,N,26,"2023-12-21 08:42:46",22,"2023-12-21 02:31:22"
240,27,19770,"2023-12-23",22,Y,Review Unknown Document,N,1,"2023-12-21 08:42:53",22,"2023-12-21 02:31:23"
241,7,19771,"2023-12-23",21,Y,Contact Policy Holder,N,26,"2023-12-21 08:43:16",9,"2023-12-21 02:34:36"
242,27,19771,"2023-12-23",21,Y,Review Unknown Document,N,1,"2023-12-21 08:43:24",9,"2023-12-21 02:34:37"
243,7,19772,"2023-12-23",22,Y,Contact Policy Holder,N,26,"2023-12-21 08:43:39",22,"2023-12-21 02:34:27"
244,27,19772,"2023-12-23",22,Y,Review Unknown Document,N,1,"2023-12-21 08:43:46",22,"2023-12-21 02:34:28"
245,7,19773,"2023-12-23",21,Y,Contact Policy Holder,N,26,"2023-12-21 12:09:20",9,"2023-12-21 03:20:52"
246,27,19773,"2023-12-23",21,Y,Review Unknown Document,N,1,"2023-12-21 12:09:27",9,"2023-12-21 03:20:53"
247,27,15766,"2023-12-23",792958,Y,Review Unknown Document,N,9,"2023-12-21 12:47:01",9,"2023-12-21 12:47:19"
248,31,15766,"2023-12-23",792958,Y,Review Final Report,N,9,"2023-12-21 12:47:15",9,"2023-12-21 12:47:20"
249,11,15766,"2024-01-03",9,Y,Waiver Approved,N,9,"2023-12-21 12:48:27",9,"2024-01-05 01:32:36"
250,31,19734,"2023-12-23",21,Y,Review Final Report,N,9,"2023-12-21 12:54:07",9,"2023-12-21 12:58:07"
251,24,19727,"2023-12-23",21,Y,Review Preliminary Report,N,9,"2023-12-21 12:58:55",9,"2023-12-21 12:59:41"
252,27,2603,"2023-12-23",792958,Y,Review Unknown Document,N,26,"2023-12-21 01:16:54",26,"2023-12-21 01:16:57"
253,27,2603,"2023-12-23",792958,Y,Review Unknown Document,N,26,"2023-12-21 01:36:38",26,"2023-12-21 01:36:43"
254,27,2603,"2023-12-23",792958,Y,Review Unknown Document,N,26,"2023-12-21 01:38:20",26,"2023-12-21 01:38:23"
255,7,19774,"2023-12-23",22,Y,Contact Policy Holder,N,26,"2023-12-21 02:14:42",22,"2023-12-21 02:36:11"
256,27,19774,"2023-12-23",22,Y,Review Unknown Document,N,1,"2023-12-21 02:14:51",22,"2023-12-21 02:36:09"
257,7,19775,"2023-12-23",21,Y,Contact Policy Holder,N,26,"2023-12-21 02:14:54",9,"2023-12-21 03:20:49"
258,27,19775,"2023-12-23",21,Y,Review Unknown Document,N,1,"2023-12-21 02:15:02",9,"2023-12-21 03:20:50"
259,7,19776,"2023-12-23",22,Y,Contact Policy Holder,N,26,"2023-12-21 02:15:05",22,"2023-12-21 02:37:46"
260,27,19776,"2023-12-23",22,Y,Review Unknown Document,N,1,"2023-12-21 02:15:13",22,"2023-12-21 02:37:47"
261,27,19770,"2023-12-23",22,Y,Review Unknown Document,N,22,"2023-12-21 02:31:16",22,"2023-12-21 02:31:21"
262,11,19770,"2024-02-15",22,Y,Pending Final,N,22,"2023-12-21 02:31:44",22,"2024-02-14 11:40:53"
263,27,19770,"2023-12-23",22,Y,Review Unknown Document,N,9,"2023-12-21 02:33:10",9,"2023-12-21 02:33:13"
264,27,19772,"2023-12-23",22,Y,Review Unknown Document,N,22,"2023-12-21 02:34:23",22,"2023-12-21 02:34:26"
265,27,19771,"2023-12-23",21,Y,Review Unknown Document,N,9,"2023-12-21 02:34:32",9,"2023-12-21 02:34:35"
266,11,19772,"2024-02-20",22,Y,Pending Final,N,22,"2023-12-21 02:34:48",9,"2024-02-20 06:05:24"
267,11,19771,"2023-12-28",21,Y,Pending Prelim,N,9,"2023-12-21 02:34:49",9,"2024-01-05 04:18:39"
268,27,19772,"2023-12-23",22,Y,Review Unknown Document,N,9,"2023-12-21 02:35:58",9,"2023-12-21 02:36:04"
269,27,19774,"2023-12-23",22,Y,Review Unknown Document,N,22,"2023-12-21 02:36:06",22,"2023-12-21 02:36:10"
270,11,19774,"2024-01-11",22,Y,Pending Prelim Report,N,22,"2023-12-21 02:36:25",9,"2024-01-12 02:39:36"
271,27,19776,"2023-12-23",22,Y,Review Unknown Document,N,22,"2023-12-21 02:37:42",22,"2023-12-21 02:37:48"
272,28,19776,"2024-03-22",22,Y,Pending Waiver,N,22,"2023-12-21 02:38:05",22,"2024-03-22 02:04:50"
273,26,19773,"2024-03-08",9,Y,Pending Waiver,N,9,"2023-12-21 03:23:30",10,"2024-03-08 05:30:01"
274,11,19775,"2024-01-31",21,Y,Pending SPOL,N,9,"2023-12-21 03:23:32",21,"2024-01-24 10:49:29"
275,11,19769,"2024-03-29",21,Y,Waiver Approved,N,9,"2023-12-21 03:23:35",21,"2024-03-29 03:56:45"
276,7,19777,"2023-12-24",21,Y,Contact Policy Holder,N,9,"2023-12-22 10:21:33",9,"2023-12-22 10:26:40"
277,27,19777,"2023-12-24",21,Y,Review Unknown Document,N,1,"2023-12-22 10:21:41",9,"2023-12-22 10:26:37"
278,27,19777,"2023-12-24",21,Y,Review Unknown Document,N,9,"2023-12-22 10:26:28",9,"2023-12-22 10:26:39"
279,11,19777,"2023-12-29",21,Y,Pending Prelim,N,9,"2023-12-22 10:26:58",9,"2024-01-05 04:12:07"
280,11,18243,"2024-01-02",9,Y,Policy has been rewritten to policy# FLD1660004002. The coverage was restored back to 250K/100K back to inception of the term on the new rewritten policy.,N,17,"2023-12-26 09:48:13",9,"2024-01-02 12:30:45"
283,7,19780,"2023-12-28",22,Y,Contact Policy Holder,N,10,"2023-12-26 10:08:21",22,"2023-12-26 11:45:27"
284,27,19780,"2023-12-28",22,Y,Review Unknown Document,N,1,"2023-12-26 10:08:29",10,"2023-12-26 10:29:03"
286,7,19792,"2023-12-28",21,Y,Contact Policy Holder,N,10,"2023-12-26 10:11:33",9,"2023-12-27 10:12:02"
287,27,19792,"2023-12-28",21,Y,Review Unknown Document,N,1,"2023-12-26 10:11:40",10,"2023-12-26 10:30:17"
289,7,19795,"2023-12-28",22,Y,Contact Policy Holder,N,36,"2023-12-26 10:31:33",22,"2023-12-26 11:49:26"
290,27,19795,"2023-12-28",22,Y,Review Unknown Document,N,1,"2023-12-26 10:31:40",22,"2023-12-26 11:49:26"
292,7,19798,"2023-12-28",21,Y,Contact Policy Holder,N,36,"2023-12-26 10:57:13",9,"2023-12-27 10:11:47"
293,27,19798,"2023-12-28",21,Y,Review Unknown Document,N,1,"2023-12-26 10:57:19",9,"2023-12-27 10:11:48"
295,7,19801,"2023-12-28",22,Y,Contact Policy Holder,N,36,"2023-12-26 11:29:49",22,"2023-12-26 11:51:35"
296,27,19801,"2023-12-28",22,Y,Review Unknown Document,N,1,"2023-12-26 11:29:56",22,"2023-12-26 11:51:36"
298,27,19780,"2023-12-28",22,Y,Review Unknown Document,N,22,"2023-12-26 11:45:24",22,"2023-12-26 11:45:29"
301,11,19780,"2024-02-02",22,Y,Pending Final,N,22,"2023-12-26 11:45:55",22,"2024-02-07 10:08:38"
304,27,19795,"2023-12-28",22,Y,Review Unknown Document,N,22,"2023-12-26 11:49:20",22,"2023-12-26 11:49:28"
307,11,19795,"2024-01-02",22,Y,Pending Prelim Report,N,22,"2023-12-26 11:49:55",9,"2024-01-05 04:13:09"
310,11,19801,"2024-01-02",22,Y,Pending Prelim Report,N,22,"2023-12-26 11:51:52",9,"2024-01-05 04:12:20"
313,32,8223,"2023-12-28",193,Y,Review Proof Of Loss,N,36,"2023-12-26 12:52:03",36,"2024-01-02 12:21:56"
316,31,8223,"2023-12-28",193,Y,Review Final Report,N,36,"2023-12-26 12:54:21",36,"2024-01-02 12:21:58"
319,32,17812,"2023-12-28",792968,Y,Review Proof Of Loss,N,10,"2023-12-26 02:20:20",87,"2023-12-26 04:00:25"
322,31,17812,"2023-12-28",792968,Y,Review Final Report,N,10,"2023-12-26 02:21:23",87,"2023-12-26 04:00:26"
325,11,17812,"2023-12-27",87,Y,ok to pay,N,87,"2023-12-26 04:00:45",87,"2024-01-09 02:18:44"
326,27,19792,"2023-12-29",21,Y,Review Unknown Document,N,9,"2023-12-27 10:09:22",9,"2023-12-27 10:12:03"
329,27,19798,"2023-12-29",21,Y,Review Unknown Document,N,9,"2023-12-27 10:10:25",9,"2023-12-27 10:11:46"
332,27,19801,"2023-12-29",22,Y,Review Unknown Document,N,9,"2023-12-27 10:11:28",9,"2023-12-27 10:11:37"
333,11,19798,"2024-01-03",21,Y,Pending Prelim,N,9,"2023-12-27 10:12:00",9,"2024-01-05 04:22:08"
335,11,19792,"2024-01-03",21,Y,Pending Prelim,N,9,"2023-12-27 10:12:14",9,"2024-01-05 04:21:11"
338,27,18477,"2023-12-29",87,Y,Review Unknown Document,N,9,"2023-12-27 10:15:41",9,"2023-12-27 10:19:14"
339,27,19774,"2023-12-29",22,Y,Review Unknown Document,N,22,"2023-12-27 12:36:46",22,"2023-12-27 12:36:50"
341,27,19774,"2023-12-29",22,Y,Review Unknown Document,N,22,"2023-12-27 12:41:03",22,"2023-12-27 12:41:07"
344,7,19802,"2023-12-29",21,Y,Contact Policy Holder,N,10,"2023-12-27 03:13:07",9,"2023-12-28 09:32:36"
346,27,19802,"2023-12-29",21,Y,Review Unknown Document,N,1,"2023-12-27 03:13:23",10,"2023-12-27 03:13:38"
347,27,19802,"2023-12-30",21,Y,Review Unknown Document,N,9,"2023-12-28 09:32:26",9,"2023-12-28 09:32:29"
348,11,19802,"2024-02-22",21,Y,Pending Final,N,9,"2023-12-28 09:32:47",9,"2024-02-21 03:41:12"
350,7,19805,"2023-12-30",22,Y,Contact Policy Holder,N,10,"2023-12-28 01:12:33",9,"2023-12-29 11:12:19"
353,27,19805,"2023-12-30",22,Y,Review Unknown Document,N,1,"2023-12-28 01:12:48",10,"2023-12-28 01:13:48"
356,9,18016,"2024-12-06",36,N,"",N,36,"2023-12-28 04:54:38",0,
357,7,19806,"2023-12-30",21,Y,Contact Policy Holder,N,36,"2023-12-28 05:27:11",9,"2023-12-29 11:09:47"
359,27,19806,"2023-12-30",21,Y,Review Unknown Document,N,1,"2023-12-28 05:27:17",9,"2023-12-29 11:09:49"
362,11,14143,"2024-02-14",36,Y,"Pending RAP final - we have SPOL, then need waiver",N,36,"2023-12-28 05:42:47",87,"2024-02-02 11:56:47"
364,27,19739,"2023-12-31",21,Y,Review Unknown Document,N,1,"2023-12-29 04:00:06",9,"2024-01-05 04:18:10"
367,27,19739,"2023-12-31",21,Y,Review Unknown Document,N,1,"2023-12-29 04:00:06",9,"2024-01-05 04:18:12"
370,27,19739,"2023-12-31",21,Y,Review Unknown Document,N,1,"2023-12-29 04:00:07",9,"2024-01-05 04:18:13"
373,27,19739,"2023-12-31",21,Y,Review Unknown Document,N,1,"2023-12-29 04:00:07",9,"2024-01-05 04:18:14"
376,31,19604,"2024-01-02",36,Y,Review Final Report,N,36,"2023-12-29 10:49:31",36,"2024-01-02 11:08:52"
379,32,19604,"2023-12-31",34,Y,Review Proof Of Loss,N,36,"2023-12-29 10:51:54",36,"2023-12-29 10:52:10"
382,27,19806,"2023-12-31",21,Y,Review Unknown Document,N,9,"2023-12-29 11:09:34",9,"2023-12-29 11:09:46"
385,11,19806,"2024-01-17",21,Y,Pending Final,N,9,"2023-12-29 11:10:05",21,"2024-01-24 09:13:50"
388,27,19805,"2023-12-31",22,Y,Review Unknown Document,N,9,"2023-12-29 11:12:14",9,"2023-12-29 11:12:18"
391,11,19805,"2024-02-02",22,Y,Pending Final,N,9,"2023-12-29 11:12:31",22,"2024-02-07 03:07:27"
394,27,18422,"2023-12-31",792944,Y,Review Unknown Document,N,10,"2023-12-29 04:20:20",36,"2024-01-05 12:09:41"
397,27,18422,"2023-12-31",792944,Y,Review Unknown Document,N,10,"2023-12-29 04:20:45",36,"2024-01-05 12:08:58"
400,7,19807,"2023-12-31",22,Y,Contact Policy Holder,N,10,"2023-12-29 05:29:52",22,"2024-01-02 09:58:01"
403,27,19807,"2023-12-31",22,Y,Review Unknown Document,N,1,"2023-12-29 05:29:58",10,"2023-12-29 05:30:22"
406,27,19807,"2024-01-04",22,Y,Review Unknown Document,N,22,"2024-01-02 09:57:55",22,"2024-01-02 09:58:00"
409,28,19807,"2024-06-24",22,Y,Pending SPOL & Waiver,N,22,"2024-01-02 09:58:19",10,"2024-06-14 05:04:41"
412,27,17805,"2024-01-04",193,Y,Review Unknown Document,N,36,"2024-01-02 11:28:37",36,"2024-01-02 11:28:42"
415,27,19752,"2024-01-04",22,Y,Review Unknown Document,N,9,"2024-01-02 11:49:59",9,"2024-01-02 11:50:02"
418,11,15766,"2024-01-03",26,Y,Check Waiver Status,N,9,"2024-01-02 11:58:10",26,"2024-01-03 09:40:15"
421,27,19604,"2024-01-04",34,Y,Review Unknown Document,N,26,"2024-01-02 12:09:27",26,"2024-01-02 12:09:30"
424,7,19810,"2024-01-04",21,Y,Contact Policy Holder,N,9,"2024-01-02 12:21:46",9,"2024-01-02 12:21:51"
427,27,19810,"2024-01-04",21,Y,Review Unknown Document,N,1,"2024-01-02 12:21:52",9,"2024-01-02 12:30:23"
430,12,8223,"2024-01-02",36,Y,"",N,36,"2024-01-02 12:22:10",36,"2024-01-02 04:23:22"
433,27,19810,"2024-01-04",21,Y,Review Unknown Document,N,9,"2024-01-02 12:25:54",9,"2024-01-02 12:30:24"
436,27,19810,"2024-01-04",21,Y,Review Unknown Document,N,9,"2024-01-02 12:26:55",9,"2024-01-02 12:30:25"
439,31,19810,"2024-01-04",21,Y,Review Final Report,N,9,"2024-01-02 12:27:30",9,"2024-01-02 12:30:27"
442,27,19810,"2024-01-04",21,Y,Review Unknown Document,N,9,"2024-01-02 12:27:57",9,"2024-01-02 12:30:28"
445,19,19810,"2024-09-01",21,Y,PA Michael Roth - LOR Meets,N,9,"2024-01-02 12:30:20",21,"2024-01-28 08:08:09"
448,24,19810,"2024-01-02",21,Y,"",N,9,"2024-01-02 12:30:36",9,"2024-01-02 12:30:40"
451,11,19810,"2024-01-26",21,Y,Waiver Approved -TC8707384272202320230929,N,9,"2024-01-02 12:30:58",21,"2024-01-28 08:08:08"
454,27,19748,"2024-01-04",22,Y,Review Unknown Document,N,22,"2024-01-02 03:49:56",22,"2024-01-02 03:50:00"
457,27,19740,"2024-01-04",22,Y,Review Unknown Document,N,22,"2024-01-02 03:55:00",22,"2024-01-02 03:55:05"
460,27,19752,"2024-01-04",22,Y,Review Unknown Document,N,1,"2024-01-02 03:57:43",26,"2024-01-02 03:58:05"
463,24,19752,"2024-01-04",22,Y,Review Preliminary Report,N,1,"2024-01-02 03:57:43",36,"2024-01-03 09:36:32"
466,31,19752,"2024-01-08",22,Y,Review Final Report - pending SPOL,N,1,"2024-01-02 03:57:43",9,"2024-01-12 09:07:33"
469,27,19742,"2024-01-04",22,Y,Review Unknown Document,N,22,"2024-01-02 03:58:45",22,"2024-01-02 03:58:51"
472,27,8223,"2024-01-04",193,Y,Review Unknown Document,N,36,"2024-01-02 04:23:14",36,"2024-01-02 04:23:19"
475,7,19813,"2024-01-04",22,Y,Contact Policy Holder,N,26,"2024-01-02 04:35:38",22,"2024-01-03 03:45:21"
478,27,19813,"2024-01-04",22,Y,Review Unknown Document,N,1,"2024-01-02 04:35:44",26,"2024-01-02 04:35:52"
481,28,19813,"2024-02-06",22,Y,Pending Waiver,N,26,"2024-01-02 04:40:18",22,"2024-02-06 01:18:12"
484,27,19748,"2024-01-04",22,Y,Review Unknown Document,N,1,"2024-01-02 04:44:15",22,"2024-01-03 09:32:35"
487,24,19748,"2024-01-04",22,Y,Review Preliminary Report,N,1,"2024-01-02 04:44:16",22,"2024-01-03 09:32:36"
490,31,19748,"2024-01-04",22,Y,Review Final Report,N,1,"2024-01-02 04:44:16",22,"2024-01-03 10:14:06"
493,32,19748,"2024-01-04",22,Y,Review Proof Of Loss,N,1,"2024-01-02 04:44:16",22,"2024-01-03 10:14:07"
496,27,19740,"2024-01-04",22,Y,Review Unknown Document,N,1,"2024-01-02 04:46:17",36,"2024-01-03 09:28:52"
499,24,19740,"2024-01-04",22,Y,Review Preliminary Report,N,1,"2024-01-02 04:46:17",36,"2024-01-03 09:28:54"
502,27,19742,"2024-01-04",22,Y,Review Unknown Document,N,1,"2024-01-02 04:49:54",36,"2024-01-03 09:32:41"
505,27,19742,"2024-01-04",22,Y,Review Unknown Document,N,1,"2024-01-02 04:49:54",36,"2024-01-03 09:32:43"
508,24,19742,"2024-01-04",22,Y,Review Preliminary Report,N,1,"2024-01-02 04:49:55",36,"2024-01-03 09:32:44"
511,27,15766,"2024-01-05",193,Y,Review Unknown Document,N,26,"2024-01-03 09:40:10",26,"2024-01-03 09:40:13"
514,27,19748,"2024-01-05",22,Y,Review Unknown Document,N,22,"2024-01-03 10:14:01",22,"2024-01-03 10:14:05"
517,28,19748,"2024-01-16",22,Y,Pending Revised Final Report,N,22,"2024-01-03 10:14:32",22,"2024-01-16 01:38:47"
520,27,19759,"2024-01-05",22,Y,Review Unknown Document,N,9,"2024-01-03 11:25:14",9,"2024-01-03 11:25:18"
523,24,19770,"2024-01-05",22,Y,Review Preliminary Report,N,1,"2024-01-03 12:03:49",9,"2024-01-03 03:52:30"
526,27,19770,"2024-01-05",22,Y,Review Unknown Document,N,1,"2024-01-03 12:03:49",26,"2024-01-03 12:04:11"
529,31,19813,"2024-01-05",22,Y,Review Final Report,N,1,"2024-01-03 12:31:05",26,"2024-01-03 12:32:00"
532,32,19813,"2024-01-05",22,Y,Review Proof Of Loss,N,1,"2024-01-03 12:31:05",26,"2024-01-03 12:32:02"
535,31,19761,"2024-01-05",22,Y,Review Final Report,N,1,"2024-01-03 12:33:46",193,"2024-01-11 08:56:28"
538,32,19761,"2024-01-05",22,Y,Review Proof Of Loss,N,1,"2024-01-03 12:33:46",193,"2024-01-11 08:56:31"
541,31,19727,"2024-01-05",21,Y,Review Final Report,N,26,"2024-01-03 12:43:55",21,"2024-01-08 01:19:53"
544,31,19760,"2024-01-05",21,Y,Review Final Report,N,26,"2024-01-03 02:04:10",21,"2024-01-08 12:51:54"
547,27,14143,"2024-01-05",87,Y,Review Unknown Document,N,36,"2024-01-03 02:45:43",36,"2024-01-03 02:45:52"
550,27,19759,"2024-01-05",22,Y,Review Unknown Document,N,9,"2024-01-03 03:28:07",9,"2024-01-03 03:28:10"
553,29,19770,"2024-01-04",9,Y,"",N,9,"2024-01-03 03:52:38",17,"2024-01-04 09:16:34"
554,11,19770,"2024-01-04",22,Y,Reformed # of floors from 1 to 2 excluding basement. $163 refund to insured. No change to the coverage amounts.,N,17,"2024-01-04 09:17:38",9,"2024-01-12 09:15:57"
557,27,19758,"2024-01-06",21,Y,Review Unknown Document,N,26,"2024-01-04 09:17:56",26,"2024-01-04 09:18:03"
560,11,19758,"2024-02-08",21,Y,Pending Engineer Report,N,26,"2024-01-04 09:18:17",9,"2024-01-18 02:50:23"
563,11,19758,"2024-01-05",26,Y,Keystone Email,N,26,"2024-01-04 09:19:13",26,"2024-01-04 04:46:59"
566,11,19759,"2024-05-31",22,Y,Note in file from insured giving permission to release information to daughter Jackie Kurtz,N,22,"2024-01-04 09:47:59",22,"2024-03-22 01:09:18"
569,27,19759,"2024-01-06",22,Y,Review Unknown Document,N,22,"2024-01-04 09:53:13",22,"2024-01-04 09:58:07"
572,27,19759,"2024-01-06",22,Y,Review Unknown Document,N,22,"2024-01-04 09:53:32",22,"2024-01-04 09:58:08"
575,27,19759,"2024-01-06",22,Y,Review Unknown Document,N,22,"2024-01-04 09:58:02",22,"2024-01-04 09:58:09"
578,27,19741,"2024-01-06",21,Y,Review Unknown Document,N,1,"2024-01-04 10:26:04",26,"2024-01-04 10:26:12"
581,24,19741,"2024-01-06",21,Y,Review Preliminary Report,N,1,"2024-01-04 10:26:04",21,"2024-01-08 03:36:10"
584,31,19741,"2024-01-06",21,Y,Review Final Report,N,1,"2024-01-04 10:26:04",21,"2024-01-08 03:36:11"
587,20,19792,"2024-01-06",21,Y,Review Advanced Payment Request,N,1,"2024-01-04 10:30:06",9,"2024-01-10 01:39:19"
590,20,19792,"2024-01-06",21,Y,Review Advanced Payment Request,N,1,"2024-01-04 10:30:06",9,"2024-01-05 04:21:00"
593,31,19740,"2024-01-06",22,Y,Review Final Report,N,26,"2024-01-04 10:30:17",193,"2024-01-11 09:28:27"
596,27,19747,"2024-01-06",21,Y,Review Unknown Document,N,1,"2024-01-04 10:34:11",26,"2024-01-04 10:34:17"
599,24,19747,"2024-01-06",21,Y,Review Preliminary Report,N,1,"2024-01-04 10:34:11",21,"2024-01-08 04:47:44"
602,31,19747,"2024-01-06",21,Y,Review Final Report,N,1,"2024-01-04 10:34:11",21,"2024-01-08 04:47:45"
605,27,19750,"2024-01-06",22,Y,Review Unknown Document,N,1,"2024-01-04 10:36:59",26,"2024-01-04 10:37:07"
608,24,19750,"2024-01-06",22,Y,Review Preliminary Report,N,1,"2024-01-04 10:36:59",36,"2024-01-08 11:36:05"
611,31,19750,"2024-01-08",36,Y,Review Final Report,N,1,"2024-01-04 10:36:59",36,"2024-01-08 11:36:56"
614,27,19753,"2024-01-06",21,Y,Review Unknown Document,N,1,"2024-01-04 10:40:50",26,"2024-01-04 10:40:56"
617,24,19753,"2024-01-06",21,Y,Review Preliminary Report,N,1,"2024-01-04 10:40:50",36,"2024-01-05 12:25:06"
620,31,19753,"2024-01-06",21,Y,Review Final Report,N,1,"2024-01-04 10:40:50",36,"2024-01-05 12:25:08"
623,27,19754,"2024-01-06",22,Y,Review Unknown Document,N,1,"2024-01-04 10:43:52",26,"2024-01-04 10:43:57"
626,24,19754,"2024-01-06",22,Y,Review Preliminary Report,N,1,"2024-01-04 10:43:52",36,"2024-01-08 11:53:27"
629,11,19754,"2024-01-16",36,Y,Send closing letter.  Pending RAP for sump pump and baseboard heater.,N,1,"2024-01-04 10:43:52",36,"2024-01-16 12:56:05"
632,27,19765,"2024-01-06",21,Y,Review Unknown Document,N,1,"2024-01-04 10:47:40",26,"2024-01-04 10:47:46"
635,24,19765,"2024-01-06",21,Y,Review Preliminary Report,N,1,"2024-01-04 10:47:41",9,"2024-01-10 01:42:48"
638,27,19766,"2024-01-06",22,Y,Review Unknown Document,N,1,"2024-01-04 10:52:21",26,"2024-01-04 10:52:27"
641,24,19766,"2024-01-06",22,Y,Review Preliminary Report,N,1,"2024-01-04 10:52:21",36,"2024-01-08 12:12:02"
644,31,19766,"2024-01-08",36,Y,Review Final Report,N,1,"2024-01-04 10:52:21",36,"2024-01-08 06:41:29"
647,32,19766,"2024-01-12",36,Y,Pending a signed Proof Of Loss,N,1,"2024-01-04 10:52:21",36,"2024-01-12 05:43:23"
650,27,19768,"2024-01-06",22,Y,Review Unknown Document,N,1,"2024-01-04 10:56:05",26,"2024-01-04 10:56:10"
653,24,19768,"2024-01-06",22,Y,Review Preliminary Report,N,1,"2024-01-04 10:56:05",9,"2024-01-10 01:41:24"
656,27,19771,"2024-01-06",21,Y,Review Unknown Document,N,1,"2024-01-04 10:59:40",26,"2024-01-04 10:59:46"
659,24,19771,"2024-01-06",21,Y,Review Preliminary Report,N,1,"2024-01-04 10:59:40",21,"2024-01-08 03:16:28"
662,31,19771,"2024-01-06",21,Y,Review Final Report,N,1,"2024-01-04 10:59:40",21,"2024-01-08 03:16:30"
665,27,19760,"2024-01-06",21,Y,Review Unknown Document,N,1,"2024-01-04 11:02:24",26,"2024-01-04 11:02:30"
668,24,19760,"2024-01-06",21,Y,Review Preliminary Report,N,1,"2024-01-04 11:02:24",26,"2024-01-04 11:02:32"
671,27,19761,"2024-01-06",22,Y,Review Unknown Document,N,1,"2024-01-04 11:04:44",26,"2024-01-04 11:04:49"
674,24,19761,"2024-01-06",22,Y,Review Preliminary Report,N,1,"2024-01-04 11:04:45",26,"2024-01-04 11:04:53"
677,31,18415,"2024-01-06",87,Y,Review Final Report,N,9,"2024-01-04 12:09:51",9,"2024-01-12 09:54:01"
680,32,18415,"2024-01-06",87,Y,"",N,9,"2024-01-04 12:10:03",9,"2024-01-12 09:54:02"
683,20,19792,"2024-01-06",21,Y,Review Advanced Payment Request,N,1,"2024-01-04 12:30:06",9,"2024-01-05 04:21:01"
686,20,19792,"2024-01-06",21,Y,Review Advanced Payment Request,N,1,"2024-01-04 12:30:06",9,"2024-01-05 04:21:03"
689,24,19777,"2024-01-06",21,Y,Review Preliminary Report,N,1,"2024-01-04 12:30:07",9,"2024-01-05 04:12:03"
692,24,19777,"2024-01-06",21,Y,Review Preliminary Report,N,1,"2024-01-04 12:30:08",9,"2024-01-05 04:12:04"
695,24,19795,"2024-01-06",22,Y,Review Preliminary Report,N,1,"2024-01-04 12:30:09",9,"2024-01-05 04:12:53"
698,24,19795,"2024-01-06",22,Y,Review Preliminary Report,N,1,"2024-01-04 12:30:09",9,"2024-01-05 04:12:54"
701,27,19795,"2024-01-06",22,Y,Review Unknown Document,N,1,"2024-01-04 12:30:11",9,"2024-01-05 04:12:55"
704,27,19795,"2024-01-06",22,Y,Review Unknown Document,N,1,"2024-01-04 12:30:11",9,"2024-01-05 04:12:57"
707,27,19795,"2024-01-06",22,Y,Review Unknown Document,N,1,"2024-01-04 12:30:12",9,"2024-01-05 04:12:58"
710,27,19795,"2024-01-06",22,Y,Review Unknown Document,N,1,"2024-01-04 12:30:12",9,"2024-01-05 04:12:59"
713,27,19795,"2024-01-06",22,Y,Review Unknown Document,N,1,"2024-01-04 12:30:12",9,"2024-01-05 04:13:00"
716,27,19795,"2024-01-06",22,Y,Review Unknown Document,N,1,"2024-01-04 12:30:12",9,"2024-01-05 04:13:01"
719,24,19798,"2024-01-06",21,Y,Review Preliminary Report,N,1,"2024-01-04 12:30:12",9,"2024-01-05 04:21:58"
722,24,19798,"2024-01-06",21,Y,Review Preliminary Report,N,1,"2024-01-04 12:30:12",9,"2024-01-10 01:33:53"
725,31,19795,"2024-01-06",22,Y,Review Final Report,N,1,"2024-01-04 12:30:13",9,"2024-01-05 04:13:03"
728,31,19795,"2024-01-06",22,Y,Review Final Report,N,1,"2024-01-04 12:30:13",9,"2024-01-05 04:13:04"
731,24,19792,"2024-01-06",21,Y,Review Preliminary Report,N,1,"2024-01-04 12:30:13",9,"2024-01-10 01:39:20"
734,24,19792,"2024-01-06",21,Y,Review Preliminary Report,N,1,"2024-01-04 12:30:13",9,"2024-01-05 04:21:05"
737,24,19801,"2024-01-06",22,Y,Review Preliminary Report,N,1,"2024-01-04 12:30:15",9,"2024-01-05 04:12:17"
740,24,19801,"2024-01-06",22,Y,Review Preliminary Report,N,1,"2024-01-04 12:30:16",9,"2024-01-05 04:12:19"
743,24,19795,"2024-01-06",22,Y,Review Preliminary Report,N,1,"2024-01-04 12:30:17",9,"2024-01-05 04:13:05"
746,24,19795,"2024-01-06",22,Y,Review Preliminary Report,N,1,"2024-01-04 12:30:17",9,"2024-01-05 04:13:06"
749,24,19792,"2024-01-06",21,Y,Review Preliminary Report,N,1,"2024-01-04 12:30:18",9,"2024-01-05 04:21:06"
752,24,19792,"2024-01-06",21,Y,Review Preliminary Report,N,1,"2024-01-04 12:30:18",9,"2024-01-05 04:21:07"
755,27,19795,"2024-01-06",22,Y,Review Unknown Document,N,1,"2024-01-04 12:30:18",9,"2024-01-05 04:13:07"
758,27,19795,"2024-01-06",22,Y,Review Unknown Document,N,1,"2024-01-04 12:30:18",9,"2024-01-05 04:13:08"
761,27,19798,"2024-01-06",21,Y,Review Unknown Document,N,1,"2024-01-04 12:30:20",9,"2024-01-05 04:22:01"
764,27,19798,"2024-01-06",21,Y,Review Unknown Document,N,1,"2024-01-04 12:30:20",9,"2024-01-05 04:22:02"
767,24,19777,"2024-01-06",21,Y,Review Preliminary Report,N,1,"2024-01-04 12:30:20",9,"2024-01-05 04:12:05"
770,24,19777,"2024-01-06",21,Y,Review Preliminary Report,N,1,"2024-01-04 12:30:20",9,"2024-01-05 04:12:09"
773,27,19798,"2024-01-06",21,Y,Review Unknown Document,N,1,"2024-01-04 12:30:21",9,"2024-01-05 04:21:54"
776,27,19798,"2024-01-06",21,Y,Review Unknown Document,N,1,"2024-01-04 12:30:21",9,"2024-01-05 04:21:55"
779,31,19795,"2024-01-06",22,Y,Review Final Report,N,1,"2024-01-04 12:30:21",193,"2024-01-11 09:04:56"
782,31,19795,"2024-01-06",22,Y,Review Final Report,N,1,"2024-01-04 12:30:21",9,"2024-01-05 04:13:02"
785,24,19798,"2024-01-06",21,Y,Review Preliminary Report,N,1,"2024-01-04 12:30:24",9,"2024-01-05 04:21:56"
788,24,19798,"2024-01-06",21,Y,Review Preliminary Report,N,1,"2024-01-04 12:30:24",9,"2024-01-05 04:21:57"
791,24,19801,"2024-01-06",22,Y,Review Preliminary Report,N,1,"2024-01-04 12:30:25",9,"2024-01-10 01:27:04"
794,24,19801,"2024-01-06",22,Y,Review Preliminary Report,N,1,"2024-01-04 12:30:25",9,"2024-01-05 04:12:16"
797,27,19777,"2024-01-06",21,Y,Review Unknown Document,N,1,"2024-01-04 01:30:08",9,"2024-01-05 04:11:59"
800,27,19777,"2024-01-06",21,Y,Review Unknown Document,N,1,"2024-01-04 01:30:08",9,"2024-01-05 04:12:00"
803,27,16720,"2024-01-06",792958,Y,Review Unknown Document,N,26,"2024-01-04 04:40:36",26,"2024-01-04 04:40:39"
806,27,16720,"2024-01-06",193,Y,Review Unknown Document,N,26,"2024-01-04 04:42:02",26,"2024-01-04 04:42:04"
809,27,19758,"2024-01-06",21,Y,Review Unknown Document,N,26,"2024-01-04 04:49:00",26,"2024-01-04 04:49:03"
812,27,19807,"2024-01-07",22,Y,Review Unknown Document,N,22,"2024-01-05 08:56:23",22,"2024-01-05 08:56:41"
815,27,19807,"2024-01-07",22,Y,Review Unknown Document,N,22,"2024-01-05 08:56:31",22,"2024-01-05 08:56:42"
818,27,16720,"2024-01-07",193,Y,Review Unknown Document,N,26,"2024-01-05 09:58:56",26,"2024-01-05 09:58:58"
821,31,19331,"2024-01-07",792962,Y,Review Final Report,N,36,"2024-01-05 11:57:27",36,"2024-01-05 12:00:09"
824,33,19331,"2024-07-11",9,Y,Pending Waiver TC9905557648202220220928,N,36,"2024-01-05 12:00:30",9,"2024-07-11 12:11:32"
827,11,17812,"2024-01-05",87,Y,Waiver Approved,N,26,"2024-01-05 03:24:37",87,"2024-01-09 02:18:50"
830,7,19814,"2024-01-07",21,Y,Contact Policy Holder,N,26,"2024-01-05 03:27:19",9,"2024-01-05 04:09:55"
833,27,19814,"2024-01-07",21,Y,Review Unknown Document,N,1,"2024-01-05 03:27:26",26,"2024-01-05 03:27:55"
836,31,19777,"2024-01-07",21,Y,Review Final Report,N,1,"2024-01-05 03:30:08",21,"2024-01-08 04:33:26"
839,31,19777,"2024-01-07",21,Y,Review Final Report,N,1,"2024-01-05 03:30:08",9,"2024-01-05 04:12:11"
842,27,16720,"2024-01-07",193,Y,Review Unknown Document,N,26,"2024-01-05 03:50:20",26,"2024-01-05 03:50:24"
845,11,19814,"2024-02-07",21,Y,Pending Final,N,9,"2024-01-05 04:10:06",9,"2024-02-13 05:16:04"
848,32,18217,"2024-01-07",87,Y,Review Proof Of Loss,N,9,"2024-01-05 04:15:55",9,"2024-01-12 09:47:29"
851,27,17812,"2024-01-07",87,Y,Review Unknown Document,N,26,"2024-01-05 04:39:16",26,"2024-01-05 04:39:20"
854,24,19780,"2024-01-10",22,Y,Review Preliminary Report,N,1,"2024-01-08 08:30:08",9,"2024-01-10 01:25:40"
857,24,19780,"2024-01-10",22,Y,Review Preliminary Report,N,1,"2024-01-08 08:30:08",9,"2024-01-10 01:25:42"
860,7,19817,"2024-01-10",22,Y,Contact Policy Holder,N,26,"2024-01-08 09:10:58",26,"2024-01-08 09:17:48"
863,27,19817,"2024-01-10",22,Y,Review Unknown Document,N,1,"2024-01-08 09:11:04",26,"2024-01-08 09:16:33"
866,8,19817,"2024-01-22",22,Y,Pending Verification of Foundation from IA - If slab reform will be needed,N,26,"2024-01-08 09:17:59",155,"2024-01-23 04:36:03"
869,27,19817,"2024-01-10",22,Y,Review Unknown Document,N,26,"2024-01-08 09:18:21",26,"2024-01-08 09:18:32"
872,27,19817,"2024-01-10",22,Y,Review Unknown Document,N,26,"2024-01-08 09:18:49",26,"2024-01-08 09:18:52"
875,27,19817,"2024-01-10",22,Y,Review Unknown Document,N,26,"2024-01-08 09:23:43",26,"2024-01-08 09:23:46"
878,27,19806,"2024-01-10",21,Y,Review Unknown Document,N,1,"2024-01-08 10:30:06",9,"2024-01-10 01:20:43"
881,27,19806,"2024-01-10",21,Y,Review Unknown Document,N,1,"2024-01-08 10:30:06",9,"2024-01-10 01:20:44"
884,24,19806,"2024-01-10",21,Y,Review Preliminary Report,N,1,"2024-01-08 10:30:06",9,"2024-01-10 01:20:46"
887,24,19806,"2024-01-10",21,Y,Review Preliminary Report,N,1,"2024-01-08 10:30:06",9,"2024-01-10 01:20:47"
890,29,19750,"2024-01-08",9,Y,Rating is incorrect,N,36,"2024-01-08 11:47:19",17,"2024-01-09 09:04:05"
893,27,19805,"2024-01-10",22,Y,Review Unknown Document,N,1,"2024-01-08 01:30:07",9,"2024-01-10 01:22:26"
896,27,19805,"2024-01-10",22,Y,Review Unknown Document,N,1,"2024-01-08 01:30:07",9,"2024-01-10 01:22:27"
899,24,19805,"2024-01-10",22,Y,Review Preliminary Report,N,1,"2024-01-08 01:30:08",9,"2024-01-10 01:22:29"
902,24,19805,"2024-01-10",22,Y,Review Preliminary Report,N,1,"2024-01-08 01:30:09",9,"2024-01-10 01:22:30"
905,27,12656,"2024-01-10",22,Y,Review Unknown Document,N,9,"2024-01-08 02:13:11",9,"2024-01-08 02:13:13"
